time,j1,j2,j3,j4,j5,j6,j7,gripper1,gripper2,imu_ax,imu_ay,imu_az,imu_gx,imu_gy,imu_gz
0.0,0.00016700293,-0.785875,4.0107683e-05,-2.3551247,9.29385e-05,1.570997,0.786,0.04,0.04,-9.469044,0.0097785750404,0.08666408,-8.450555e-09,-0.0011641276068985,-7.064646e-08
0.0025,0.00016700198349999998,-0.785857774,4.0110243950000006e-05,-2.35513919,9.294338490000001e-05,1.570996565,0.786,0.04,0.04,-9.52386300000005,0.008407355952657408,0.07502343049998941,-4.844104475003637e-08,-0.0013251914642752266,7.053060000648943e-10
0.005,0.000167001037,-0.785840548,4.011280490000001e-05,-2.3551536800000004,9.294826980000001e-05,1.57099613,0.786,0.04,0.04,-9.5786820000001,0.007036136864914817,0.06338278099997882,-8.843153450007274e-08,-0.001486255321651953,7.205707200012979e-08
0.0075,0.00016700009049999998,-0.7858233219999999,4.0115365850000005e-05,-2.3551681700000002,9.295315470000002e-05,1.570995695,0.786,0.04,0.04,-9.63350100000015,0.005664917777172224,0.051742131499968244,-1.284220242501091e-07,-0.0016473191790286794,1.4340883800019466e-07
0.01,0.000166999144,-0.785806096,4.011792680000001e-05,-2.35518266,9.295803960000002e-05,1.5709952600000001,0.786,0.04,0.04,-9.6883200000002,0.004293698689429633,0.04010148199995765,-1.6841251400014548e-07,-0.001808383036405406,2.1476060400025958e-07
0.0125,0.00016699819749999999,-0.78578887,4.012048775000001e-05,-2.3551971500000004,9.296292450000001e-05,1.570994825,0.786,0.04,0.04,-9.74313900000025,0.00292247960168704,0.028460832499947068,-2.0840300375018185e-07,-0.0019694468937821326,2.861123700003245e-07
