time,acc_x_g,acc_y_g,acc_z_g,gyro_x_rad_s,gyro_y_rad_s,gyro_z_rad_s
0.0,-0.01913,-8.373384,2.377451,-1.033279,0.005651,0.006261
0.0025,-8.916981129952335,2.2785337910009535,-3.735552437330791,-0.005547790657769304,-0.004367657387988559,-0.013202830162059104
0.005,-9.799105415725192,3.0836336061068703,-3.0888839377862594,-0.006645607251908396,-0.08333458801526718,-0.03140002328244275
0.0075,-9.735767805648855,1.7969687922519084,-4.216847299541985,0.06612755041984733,-0.17485946965648855,-0.04581524473282443
0.01,-9.872075726765996,1.6916517174057843,-4.396886458930762,0.14683038839614374,-0.23304940806310256,-0.05826170429447852
0.0125,-10.166975577883697,1.401112788179217,-4.185689803050526,0.23375697483317448,-0.29790945204957103,-0.05389579408960914
