time,imu_ax,imu_ay,imu_az,imu_gx,imu_gy,imu_gz,t_norm
0.0,-9.484728736585078,-0.015555854786903016,0.034218970061411606,0.0049220388971466635,0.0012040677226058572,0.0063427497365711565,0.0
0.0025,-9.573527726467884,0.03951951580348766,0.09796412403490456,2.7348089777080514e-05,-0.0039189622748545426,0.0011205091877214256,0.0025
0.005,-9.61161474825631,0.05529925034810519,0.06377456549582097,0.001436163443384345,-0.007984274189682084,-0.00165558234556517,0.005
0.0075,-9.579221895950528,-0.03746360324875027,0.07133271210725212,-0.004493425666396325,-0.0077072184601240734,-0.00893056554565782,0.0075
0.01,-9.768206650291201,0.005249424156081607,0.060998596522364966,-0.004979639202840929,0.004713128165709772,-0.001801606086883084,0.01
0.0125,-9.761124864890796,-0.036817821936407466,0.04638027443505234,-0.008885854849864486,-0.007563293585608996,0.007324564929146183,0.0125
