{
  "train_loss": [
    1732673130.6666667,
    1483345354.6666667,
    1396879669.3333333,
    1336968330.6666667,
    1338575573.3333333,
    1308715968.0,
    1278873098.6666667,
    1217790496.0,
    1162764064.0,
    1166783050.6666667,
    1132413920.0,
    1168222944.0,
    1147789781.3333333,
    1191902773.3333333,
    1148172725.3333333,
    1131929461.3333333,
    1089385920.0,
    1038202112.0,
    1036158688.0,
    1033986677.3333334,
    1108356522.6666667,
    1044945706.6666666,
    1063299370.6666666,
    1017955392.0,
    984857440.0,
    1016581648.0,
    951822378.6666666,
    963428469.3333334,
    1064714986.6666666,
    1023914517.3333334,
    922415914.6666666,
    889592533.3333334,
    927792618.6666666,
    856722805.3333334,
    839056896.0,
    793546261.3333334,
    812546218.6666666,
    803838709.3333334,
    791910826.6666666,
    823442474.6666666,
    781346304.0,
    771383210.6666666,
    750930314.6666666,
    779077546.6666666,
    687478565.3333334,
    755006325.3333334,
    734614858.6666666,
    721592890.6666666,
    743875562.6666666,
    742137200.0
  ],
  "val_loss": [
    2070015168.0,
    12604177920.0,
    6861778944.0,
    2053356288.0,
    2682960000.0,
    1173477120.0,
    1193417408.0,
    1691926016.0,
    1207635072.0,
    1326793152.0,
    1173688672.0,
    1472055936.0,
    1673381504.0,
    1364422208.0,
    1302223040.0,
    1278404416.0,
    1247931648.0,
    1433866944.0,
    1384148480.0,
    1229658304.0,
    1310471872.0,
    1552212416.0,
    1581453696.0,
    1252097344.0,
    1326507328.0,
    1330356352.0,
    1409307712.0,
    1440568064.0,
    1416112448.0,
    1295420224.0,
    1264037696.0,
    1296874240.0,
    1311959296.0,
    1445124736.0,
    1488821120.0,
    1466483712.0,
    1446536448.0,
    1454615360.0,
    1549129728.0,
    1550800640.0,
    1527983168.0,
    1544000960.0,
    1575423424.0,
    1609476608.0,
    1622760000.0,
    1652645504.0,
    1650790848.0,
    1642552064.0,
    1673962304.0,
    1675811904.0
  ]
}